<?xml version="1.0" encoding="utf-8"?>
<?xml-stylesheet type='text/xsl' href='ConversionLogFile.xsl'?>
<LogFile projectName="New_V16" typeText="Type" messageText="Message" timeText="Time">
  <MessageCell ServiceId="80" MessageId="30" MessageClass="Information" Timestamp="8/18/2020 9:18:58 AM">
    <Number ServiceNumber="80" MessageNumber="30" />
    <Text FeedbackText="Upgrade started" />
    <Help HelpId="-1" />
  </MessageCell>
  <Details ServiceId="80" MessageId="30" Timestamp="8/18/2020 9:19:04 AM" Debug="false">
    <Text>Reorganization succeed!</Text>
  </Details>
  <MessageCell ServiceId="80" MessageId="30" MessageClass="Information" Timestamp="8/18/2020 9:19:04 AM">
    <Number ServiceNumber="80" MessageNumber="30" />
    <Text FeedbackText="CheckRepair lost+found objects" />
    <Help HelpId="-1" />
  </MessageCell>
  <Details ServiceId="80" MessageId="30" Timestamp="8/18/2020 9:19:08 AM" Debug="false">
    <Text>No error is detected.</Text>
  </Details>
  <MessageCell ServiceId="80" MessageId="30" MessageClass="Information" Timestamp="8/18/2020 9:19:08 AM">
    <Number ServiceNumber="80" MessageNumber="30" />
    <Text FeedbackText="CheckRepair missing bidirectional links" />
    <Help HelpId="-1" />
  </MessageCell>
  <Details ServiceId="80" MessageId="30" Timestamp="8/18/2020 9:19:09 AM" Debug="false">
    <Text>No error is detected.</Text>
  </Details>
  <Details ServiceId="80" MessageId="30" Timestamp="8/18/2020 9:20:11 AM" Debug="false">
    <Text>Not invalidating fingerprints for protected object: USS_DRV_DB[DB1]</Text>
  </Details>
  <Details ServiceId="80" MessageId="30" Timestamp="8/18/2020 9:20:12 AM" Debug="false">
    <Text>Not invalidating fingerprints for protected object: USS_DRV[FB1071]</Text>
  </Details>
  <Details ServiceId="80" MessageId="30" Timestamp="8/18/2020 9:20:12 AM" Debug="false">
    <Text>Not invalidating fingerprints for protected object: USS_PORT[FC1070]</Text>
  </Details>
  <Details ServiceId="80" MessageId="30" Timestamp="8/18/2020 9:20:12 AM" Debug="false">
    <Text>Not invalidating fingerprints for protected object: RCV_PTP_SFB[SFB114]</Text>
  </Details>
  <Details ServiceId="80" MessageId="30" Timestamp="8/18/2020 9:20:12 AM" Debug="false">
    <Text>Not invalidating fingerprints for protected object: SEND_PTP_SFB[SFB113]</Text>
  </Details>
  <Details ServiceId="80" MessageId="30" Timestamp="8/18/2020 9:20:12 AM" Debug="false">
    <Text>Not invalidating fingerprints for protected object: RCV_CFG_SFB[SFB112]</Text>
  </Details>
  <Details ServiceId="80" MessageId="30" Timestamp="8/18/2020 9:20:12 AM" Debug="false">
    <Text>Not invalidating fingerprints for protected object: SEND_CFG_SFB[SFB111]</Text>
  </Details>
  <Details ServiceId="80" MessageId="30" Timestamp="8/18/2020 9:20:12 AM" Debug="false">
    <Text>Not invalidating fingerprints for protected object: PORT_CFG_SFB[SFB110]</Text>
  </Details>
  <MessageCell ServiceId="80" MessageId="30" MessageClass="Warning" Timestamp="8/18/2020 9:20:27 AM">
    <Number ServiceNumber="80" MessageNumber="30" />
    <Text FeedbackText="Project element: '\PLC_1\ProgramBlocksFolder\Main' - Checksum inconsistency for 'General; Event'." />
    <Help HelpId="-1" />
  </MessageCell>
  <MessageCell ServiceId="80" MessageId="30" MessageClass="Warning" Timestamp="8/18/2020 9:20:27 AM">
    <Number ServiceNumber="80" MessageNumber="30" />
    <Text FeedbackText="Project element: '\PLC_1\ProgramBlocksFolder\Block_1' - Checksum inconsistency for 'General'." />
    <Help HelpId="-1" />
  </MessageCell>
  <MessageCell ServiceId="80" MessageId="30" MessageClass="Warning" Timestamp="8/18/2020 9:20:28 AM">
    <Number ServiceNumber="80" MessageNumber="30" />
    <Text FeedbackText="Project element: '\PLC_1\ProgramBlocksFolder\Cyclic interrupt' - Checksum inconsistency for 'General; Event'." />
    <Help HelpId="-1" />
  </MessageCell>
  <MessageCell ServiceId="80" MessageId="30" MessageClass="Warning" Timestamp="8/18/2020 9:20:28 AM">
    <Number ServiceNumber="80" MessageNumber="30" />
    <Text FeedbackText="Project element: '\PLC_1\ProgramBlocksFolder\SystemBlocksFolder\ProgramResourcesFolder\USS_DRV_DB' - Checksum inconsistency for 'General'." />
    <Help HelpId="-1" />
  </MessageCell>
  <MessageCell ServiceId="80" MessageId="30" MessageClass="Warning" Timestamp="8/18/2020 9:20:28 AM">
    <Number ServiceNumber="80" MessageNumber="30" />
    <Text FeedbackText="Project element: '\PLC_1\ProgramBlocksFolder\Data_block_1' - Checksum inconsistency for 'General'." />
    <Help HelpId="-1" />
  </MessageCell>
  <MessageCell ServiceId="80" MessageId="30" MessageClass="Information" Timestamp="8/18/2020 9:20:33 AM">
    <Number ServiceNumber="80" MessageNumber="30" />
    <Text FeedbackText="The cross-reference information is being converted." />
    <Help HelpId="-1" />
  </MessageCell>
  <MessageCell ServiceId="80" MessageId="30" MessageClass="Information" Timestamp="8/18/2020 9:20:36 AM">
    <Number ServiceNumber="80" MessageNumber="30" />
    <Text FeedbackText="The cross-reference information was created successfully." />
    <Help HelpId="-1" />
  </MessageCell>
  <MessageCell ServiceId="80" MessageId="30" MessageClass="Information" Timestamp="8/18/2020 9:20:36 AM">
    <Number ServiceNumber="80" MessageNumber="30" />
    <Text FeedbackText="Conversion of the cross-reference information is finished." />
    <Help HelpId="-1" />
  </MessageCell>
  <Details ServiceId="80" MessageId="30" Timestamp="8/18/2020 9:20:37 AM" Debug="false">
    <Text>Package container 'Siemens.Simatic.Lang.S7BSW.V15.0.0.0.NonMandatory' was deleted</Text>
  </Details>
  <Details ServiceId="80" MessageId="30" Timestamp="8/18/2020 9:20:37 AM" Debug="false">
    <Text>Package container 'HW.S71200.CPU.CPU_12XX.MDD_6ES72XX_XXXXX_XXXX_4.2_14.0.0' was deleted</Text>
  </Details>
  <Details ServiceId="80" MessageId="30" Timestamp="8/18/2020 9:20:37 AM" Debug="false">
    <Text>Product version 'Siemens.Simatic.STEP7.Basic:15.00.00.00' was deleted</Text>
  </Details>
  <MessageCell ServiceId="Automation-ObjectFrame-Feedbacks" MessageId="ConversionInfoTabProjectSucceeded" MessageClass="Success" Timestamp="8/18/2020 9:20:38 AM">
    <Number ServiceNumber="80" MessageNumber="34" />
    <Text FeedbackText="Project 'C:\Users\Home\Desktop\Motor Digitalization\V20 with pi\New\System\PEData.plf' was successfully upgraded and saved as project 'C:\Users\Home\Desktop\Motor Digitalization\V20 with pi\New_V16\System\PEData.plf'." />
    <Help HelpId="-1" HelpFile="" />
  </MessageCell>
  <MessageCell ServiceId="80" MessageId="30" MessageClass="Information" Timestamp="8/18/2020 9:20:38 AM">
    <Number ServiceNumber="80" MessageNumber="30" />
    <Text FeedbackText="FinalCheckRemainingErrors" />
    <Help HelpId="-1" />
  </MessageCell>
  <Details ServiceId="80" MessageId="30" Timestamp="8/18/2020 9:20:39 AM" Debug="false">
    <Text>No error is detected.</Text>
  </Details>
</LogFile>